post_id,forum_id,thread_id,parent_post_id,username,content,timestamp,post_url,author_profile_url,collected_at
P0001,F001,TH0001,,shadowfox,"For me, I check the original reference before trusting a seller. I kept the wording simple because the thread is public.",2025-04-01T16:00:00Z,http://source.example.invalid/post/P0001,http://source.example.invalid/user/shadowfox,2025-04-01T18:00:00Z
P0002,F001,TH0002,,shadowfox,"Usually, The older copy is still useful if the current one changed. I kept the wording simple because the thread is public. I was checking this from Bengaluru at the time.",2025-04-01T23:00:00Z,http://source.example.invalid/post/P0002,http://source.example.invalid/user/shadowfox,2025-04-02T01:00:00Z
P0003,F001,TH0003,,shadowfox,"In practice, I would verify the destination twice before sending anything. I kept the wording simple because the thread is public.",2025-04-02T06:00:00Z,http://source.example.invalid/post/P0003,http://source.example.invalid/user/shadowfox,2025-04-02T08:00:00Z
P0004,F001,TH0003,P0003,shadowfox,"For me, I avoid putting unnecessary details into a public reply. I kept the wording simple because the thread is public. Public key fingerprint: 3A51BFA53BEDBF12EFD852A5EA9640169DB1832B.",2025-04-02T13:00:00Z,http://source.example.invalid/post/P0004,http://source.example.invalid/user/shadowfox,2025-04-02T15:00:00Z
P0005,F001,TH0004,,shadowfox,"Usually, A checksum is useful, but I still compare the source. I kept the wording simple because the thread is public.",2025-04-02T20:00:00Z,http://source.example.invalid/post/P0005,http://source.example.invalid/user/shadowfox,2025-04-02T22:00:00Z
P0006,F001,TH0005,,shadowfox,"In practice, A clean history helps, although one good review is not enough. I kept the wording simple because the thread is public. I was checking this from Bengaluru at the time. Payment address I published for this thread: 0xdd31ffb1f533a2fabe0bb4223175bbd45c214a17.",2025-04-03T03:00:00Z,http://source.example.invalid/post/P0006,http://source.example.invalid/user/shadowfox,2025-04-03T05:00:00Z
P0007,F001,TH0006,,shadowfox,"For me, I check the original reference before trusting a seller. I kept the wording simple because the thread is public. I kept this note with the thread for later review.",2025-04-03T10:00:00Z,http://source.example.invalid/post/P0007,http://source.example.invalid/user/shadowfox,2025-04-03T12:00:00Z
P0008,F001,TH0006,P0007,shadowfox,"Usually, The older copy is still useful if the current one changed. I kept the wording simple because the thread is public.",2025-04-03T17:00:00Z,http://source.example.invalid/post/P0008,http://source.example.invalid/user/shadowfox,2025-04-03T19:00:00Z
P0009,F002,TH0007,,shadow_fox,"For me, The older copy is still useful if the current one changed. I kept the wording simple because the thread is public.",2025-04-04T11:00:00Z,http://source.example.invalid/post/P0009,http://source.example.invalid/user/shadow_fox,2025-04-04T13:00:00Z
P0010,F002,TH0008,,shadow_fox,"Usually, I would verify the destination twice before sending anything. I kept the wording simple because the thread is public. I was checking this from Pune at the time.",2025-04-04T18:00:00Z,http://source.example.invalid/post/P0010,http://source.example.invalid/user/shadow_fox,2025-04-04T20:00:00Z
P0011,F002,TH0009,,shadow_fox,"In practice, I avoid putting unnecessary details into a public reply. I kept the wording simple because the thread is public. For settlement, use the address I posted earlier: 0xdd31ffb1f533a2fabe0bb4223175bbd45c214a17.",2025-04-05T01:00:00Z,http://source.example.invalid/post/P0011,http://source.example.invalid/user/shadow_fox,2025-04-05T03:00:00Z
P0012,F002,TH0009,P0011,shadow_fox,"For me, A checksum is useful, but I still compare the source. I kept the wording simple because the thread is public.",2025-04-05T08:00:00Z,http://source.example.invalid/post/P0012,http://source.example.invalid/user/shadow_fox,2025-04-05T10:00:00Z
P0013,F002,TH0010,,shadow_fox,"Usually, A clean history helps, although one good review is not enough. I kept the wording simple because the thread is public.",2025-04-05T15:00:00Z,http://source.example.invalid/post/P0013,http://source.example.invalid/user/shadow_fox,2025-04-05T17:00:00Z
P0014,F002,TH0011,,shadow_fox,"In practice, I check the original reference before trusting a seller. I kept the wording simple because the thread is public. I was checking this from Pune at the time.",2025-04-05T22:00:00Z,http://source.example.invalid/post/P0014,http://source.example.invalid/user/shadow_fox,2025-04-06T00:00:00Z
P0015,F002,TH0012,,shadow_fox,"For me, The older copy is still useful if the current one changed. I kept the wording simple because the thread is public. Public key fingerprint: 3A51BFA53BEDBF12EFD852A5EA9640169DB1832B.",2025-04-06T05:00:00Z,http://source.example.invalid/post/P0015,http://source.example.invalid/user/shadow_fox,2025-04-06T07:00:00Z
P0016,F002,TH0012,P0015,shadow_fox,"Usually, I would verify the destination twice before sending anything. I kept the wording simple because the thread is public.",2025-04-06T12:00:00Z,http://source.example.invalid/post/P0016,http://source.example.invalid/user/shadow_fox,2025-04-06T14:00:00Z
P0017,F003,TH0013,,sfox77,"For me, I would verify the destination twice before sending anything. I kept the wording simple because the thread is public.",2025-04-07T06:00:00Z,http://source.example.invalid/post/P0017,http://source.example.invalid/user/sfox77,2025-04-07T08:00:00Z
P0018,F003,TH0014,,sfox77,"Usually, I avoid putting unnecessary details into a public reply. I kept the wording simple because the thread is public. I was checking this from Delhi at the time.",2025-04-07T13:00:00Z,http://source.example.invalid/post/P0018,http://source.example.invalid/user/sfox77,2025-04-07T15:00:00Z
P0019,F003,TH0015,,sfox77,"In practice, A checksum is useful, but I still compare the source. I kept the wording simple because the thread is public. Contact for this thread: sfox77.demo@sample.test.",2025-04-07T20:00:00Z,http://source.example.invalid/post/P0019,http://source.example.invalid/user/sfox77,2025-04-07T22:00:00Z
P0020,F003,TH0015,P0019,sfox77,"For me, A clean history helps, although one good review is not enough. I kept the wording simple because the thread is public.",2025-04-08T03:00:00Z,http://source.example.invalid/post/P0020,http://source.example.invalid/user/sfox77,2025-04-08T05:00:00Z
P0021,F003,TH0016,,sfox77,"Usually, I check the original reference before trusting a seller. I kept the wording simple because the thread is public.",2025-04-08T10:00:00Z,http://source.example.invalid/post/P0021,http://source.example.invalid/user/sfox77,2025-04-08T12:00:00Z
P0022,F003,TH0017,,sfox77,"In practice, The older copy is still useful if the current one changed. I kept the wording simple because the thread is public. I was checking this from Delhi at the time.",2025-04-08T17:00:00Z,http://source.example.invalid/post/P0022,http://source.example.invalid/user/sfox77,2025-04-08T19:00:00Z
P0023,F003,TH0018,,sfox77,"For me, I would verify the destination twice before sending anything. I kept the wording simple because the thread is public. I kept this note with the thread for later review.",2025-04-09T00:00:00Z,http://source.example.invalid/post/P0023,http://source.example.invalid/user/sfox77,2025-04-09T02:00:00Z
P0024,F003,TH0018,P0023,sfox77,"Usually, I avoid putting unnecessary details into a public reply. I kept the wording simple because the thread is public.",2025-04-09T07:00:00Z,http://source.example.invalid/post/P0024,http://source.example.invalid/user/sfox77,2025-04-09T09:00:00Z
P0025,F002,TH0019,,darkwolf,I check this first. I would verify the destination twice before sending anything. I do not move ahead until that check is done.,2025-04-08T21:00:00Z,http://source.example.invalid/post/P0025,http://source.example.invalid/user/darkwolf,2025-04-08T23:00:00Z
P0026,F002,TH0020,,darkwolf,First thing: I avoid putting unnecessary details into a public reply. I do not move ahead until that check is done. I was checking this from Pune at the time.,2025-04-09T04:00:00Z,http://source.example.invalid/post/P0026,http://source.example.invalid/user/darkwolf,2025-04-09T06:00:00Z
P0027,F002,TH0021,,darkwolf,"I would verify that. A checksum is useful, but I still compare the source. I do not move ahead until that check is done.",2025-04-09T11:00:00Z,http://source.example.invalid/post/P0027,http://source.example.invalid/user/darkwolf,2025-04-09T13:00:00Z
P0028,F002,TH0021,P0027,darkwolf,"I check this first. A clean history helps, although one good review is not enough. I do not move ahead until that check is done. Public key fingerprint: B85752AECC22AB55C230ECCDF4C58AA8EFA1C160.",2025-04-09T18:00:00Z,http://source.example.invalid/post/P0028,http://source.example.invalid/user/darkwolf,2025-04-09T20:00:00Z
P0029,F002,TH0022,,darkwolf,First thing: I check the original reference before trusting a seller. I do not move ahead until that check is done.,2025-04-10T01:00:00Z,http://source.example.invalid/post/P0029,http://source.example.invalid/user/darkwolf,2025-04-10T03:00:00Z
P0030,F002,TH0023,,darkwolf,I would verify that. The older copy is still useful if the current one changed. I do not move ahead until that check is done. I was checking this from Pune at the time. Payment address I published for this thread: 0xb4b3d2c42b6f00cdb0ba697de87ee56b5e1e5d88.,2025-04-10T08:00:00Z,http://source.example.invalid/post/P0030,http://source.example.invalid/user/darkwolf,2025-04-10T10:00:00Z
P0031,F002,TH0024,,darkwolf,I check this first. I would verify the destination twice before sending anything. I do not move ahead until that check is done. I kept this note with the thread for later review.,2025-04-10T15:00:00Z,http://source.example.invalid/post/P0031,http://source.example.invalid/user/darkwolf,2025-04-10T17:00:00Z
P0032,F002,TH0024,P0031,darkwolf,First thing: I avoid putting unnecessary details into a public reply. I do not move ahead until that check is done.,2025-04-10T22:00:00Z,http://source.example.invalid/post/P0032,http://source.example.invalid/user/darkwolf,2025-04-11T00:00:00Z
P0033,F004,TH0025,,dark_wolf,I check this first. I avoid putting unnecessary details into a public reply. I do not move ahead until that check is done.,2025-04-11T16:00:00Z,http://source.example.invalid/post/P0033,http://source.example.invalid/user/dark_wolf,2025-04-11T18:00:00Z
P0034,F004,TH0026,,dark_wolf,"First thing: A checksum is useful, but I still compare the source. I do not move ahead until that check is done. I was checking this from Delhi at the time.",2025-04-11T23:00:00Z,http://source.example.invalid/post/P0034,http://source.example.invalid/user/dark_wolf,2025-04-12T01:00:00Z
P0035,F004,TH0027,,dark_wolf,"I would verify that. A clean history helps, although one good review is not enough. I do not move ahead until that check is done.",2025-04-12T06:00:00Z,http://source.example.invalid/post/P0035,http://source.example.invalid/user/dark_wolf,2025-04-12T08:00:00Z
P0036,F004,TH0027,P0035,dark_wolf,I check this first. I check the original reference before trusting a seller. I do not move ahead until that check is done.,2025-04-12T13:00:00Z,http://source.example.invalid/post/P0036,http://source.example.invalid/user/dark_wolf,2025-04-12T15:00:00Z
P0037,F004,TH0028,,dark_wolf,First thing: The older copy is still useful if the current one changed. I do not move ahead until that check is done.,2025-04-12T20:00:00Z,http://source.example.invalid/post/P0037,http://source.example.invalid/user/dark_wolf,2025-04-12T22:00:00Z
P0038,F004,TH0029,,dark_wolf,I would verify that. I would verify the destination twice before sending anything. I do not move ahead until that check is done. I was checking this from Delhi at the time.,2025-04-13T03:00:00Z,http://source.example.invalid/post/P0038,http://source.example.invalid/user/dark_wolf,2025-04-13T05:00:00Z
P0039,F004,TH0030,,dark_wolf,I check this first. I avoid putting unnecessary details into a public reply. I do not move ahead until that check is done. Public key fingerprint: B85752AECC22AB55C230ECCDF4C58AA8EFA1C160.,2025-04-13T10:00:00Z,http://source.example.invalid/post/P0039,http://source.example.invalid/user/dark_wolf,2025-04-13T12:00:00Z
P0040,F004,TH0030,P0039,dark_wolf,"First thing: A checksum is useful, but I still compare the source. I do not move ahead until that check is done.",2025-04-13T17:00:00Z,http://source.example.invalid/post/P0040,http://source.example.invalid/user/dark_wolf,2025-04-13T19:00:00Z
P0041,F005,TH0031,,dw77,"I check this first. A checksum is useful, but I still compare the source. I do not move ahead until that check is done.",2025-04-14T11:00:00Z,http://source.example.invalid/post/P0041,http://source.example.invalid/user/dw77,2025-04-14T13:00:00Z
P0042,F005,TH0032,,dw77,"First thing: A clean history helps, although one good review is not enough. I do not move ahead until that check is done. I was checking this from Mumbai at the time.",2025-04-14T18:00:00Z,http://source.example.invalid/post/P0042,http://source.example.invalid/user/dw77,2025-04-14T20:00:00Z
P0043,F005,TH0033,,dw77,I would verify that. I check the original reference before trusting a seller. I do not move ahead until that check is done.,2025-04-15T01:00:00Z,http://source.example.invalid/post/P0043,http://source.example.invalid/user/dw77,2025-04-15T03:00:00Z
P0044,F005,TH0033,P0043,dw77,I check this first. The older copy is still useful if the current one changed. I do not move ahead until that check is done.,2025-04-15T08:00:00Z,http://source.example.invalid/post/P0044,http://source.example.invalid/user/dw77,2025-04-15T10:00:00Z
P0045,F005,TH0034,,dw77,First thing: I would verify the destination twice before sending anything. I do not move ahead until that check is done. Someone quoted this payment address: 0xb4b3d2c42b6f00cdb0ba697de87ee56b5e1e5d88; I am not claiming it here.,2025-04-15T15:00:00Z,http://source.example.invalid/post/P0045,http://source.example.invalid/user/dw77,2025-04-15T17:00:00Z
P0046,F005,TH0035,,dw77,I would verify that. I avoid putting unnecessary details into a public reply. I do not move ahead until that check is done. I was checking this from Mumbai at the time.,2025-04-15T22:00:00Z,http://source.example.invalid/post/P0046,http://source.example.invalid/user/dw77,2025-04-16T00:00:00Z
P0047,F005,TH0036,,dw77,"I check this first. A checksum is useful, but I still compare the source. I do not move ahead until that check is done. I kept this note with the thread for later review.",2025-04-16T05:00:00Z,http://source.example.invalid/post/P0047,http://source.example.invalid/user/dw77,2025-04-16T07:00:00Z
P0048,F005,TH0036,P0047,dw77,"First thing: A clean history helps, although one good review is not enough. I do not move ahead until that check is done.",2025-04-16T12:00:00Z,http://source.example.invalid/post/P0048,http://source.example.invalid/user/dw77,2025-04-16T14:00:00Z
P0049,F003,TH0037,,cipherbyte,"The useful check is A checksum is useful, but I still compare the source. I also compare the timestamp with the copy I kept.",2025-04-16T02:00:00Z,http://source.example.invalid/post/P0049,http://source.example.invalid/user/cipherbyte,2025-04-16T04:00:00Z
P0050,F003,TH0038,,cipherbyte,"A practical check is A clean history helps, although one good review is not enough. I also compare the timestamp with the copy I kept. I was checking this from Delhi at the time.",2025-04-16T09:00:00Z,http://source.example.invalid/post/P0050,http://source.example.invalid/user/cipherbyte,2025-04-16T11:00:00Z
P0051,F003,TH0039,,cipherbyte,"From the data side, I check the original reference before trusting a seller. I also compare the timestamp with the copy I kept.",2025-04-16T16:00:00Z,http://source.example.invalid/post/P0051,http://source.example.invalid/user/cipherbyte,2025-04-16T18:00:00Z
P0052,F003,TH0039,P0051,cipherbyte,The useful check is The older copy is still useful if the current one changed. I also compare the timestamp with the copy I kept. Public key fingerprint: 443430C255C2C98EB1475BBD0E636184D62971EC.,2025-04-16T23:00:00Z,http://source.example.invalid/post/P0052,http://source.example.invalid/user/cipherbyte,2025-04-17T01:00:00Z
P0053,F003,TH0040,,cipherbyte,A practical check is I would verify the destination twice before sending anything. I also compare the timestamp with the copy I kept.,2025-04-17T06:00:00Z,http://source.example.invalid/post/P0053,http://source.example.invalid/user/cipherbyte,2025-04-17T08:00:00Z
P0054,F003,TH0041,,cipherbyte,"From the data side, I avoid putting unnecessary details into a public reply. I also compare the timestamp with the copy I kept. I was checking this from Delhi at the time. Payment address I published for this thread: 0xa5b641574ba521ba97b3c358b112e192386981a6.",2025-04-17T13:00:00Z,http://source.example.invalid/post/P0054,http://source.example.invalid/user/cipherbyte,2025-04-17T15:00:00Z
P0055,F003,TH0042,,cipherbyte,"The useful check is A checksum is useful, but I still compare the source. I also compare the timestamp with the copy I kept. I kept this note with the thread for later review.",2025-04-17T20:00:00Z,http://source.example.invalid/post/P0055,http://source.example.invalid/user/cipherbyte,2025-04-17T22:00:00Z
P0056,F003,TH0042,P0055,cipherbyte,"A practical check is A clean history helps, although one good review is not enough. I also compare the timestamp with the copy I kept.",2025-04-18T03:00:00Z,http://source.example.invalid/post/P0056,http://source.example.invalid/user/cipherbyte,2025-04-18T05:00:00Z
P0057,F005,TH0043,,cipher_byte,"The useful check is A clean history helps, although one good review is not enough. I also compare the timestamp with the copy I kept.",2025-04-18T21:00:00Z,http://source.example.invalid/post/P0057,http://source.example.invalid/user/cipher_byte,2025-04-18T23:00:00Z
P0058,F005,TH0044,,cipher_byte,A practical check is I check the original reference before trusting a seller. I also compare the timestamp with the copy I kept. I was checking this from Mumbai at the time.,2025-04-19T04:00:00Z,http://source.example.invalid/post/P0058,http://source.example.invalid/user/cipher_byte,2025-04-19T06:00:00Z
P0059,F005,TH0045,,cipher_byte,"From the data side, The older copy is still useful if the current one changed. I also compare the timestamp with the copy I kept. For settlement, use the address I posted earlier: 0xa5b641574ba521ba97b3c358b112e192386981a6.",2025-04-19T11:00:00Z,http://source.example.invalid/post/P0059,http://source.example.invalid/user/cipher_byte,2025-04-19T13:00:00Z
P0060,F005,TH0045,P0059,cipher_byte,The useful check is I would verify the destination twice before sending anything. I also compare the timestamp with the copy I kept.,2025-04-19T18:00:00Z,http://source.example.invalid/post/P0060,http://source.example.invalid/user/cipher_byte,2025-04-19T20:00:00Z
P0061,F005,TH0046,,cipher_byte,A practical check is I avoid putting unnecessary details into a public reply. I also compare the timestamp with the copy I kept.,2025-04-20T01:00:00Z,http://source.example.invalid/post/P0061,http://source.example.invalid/user/cipher_byte,2025-04-20T03:00:00Z
P0062,F005,TH0047,,cipher_byte,"From the data side, A checksum is useful, but I still compare the source. I also compare the timestamp with the copy I kept. I was checking this from Mumbai at the time.",2025-04-20T08:00:00Z,http://source.example.invalid/post/P0062,http://source.example.invalid/user/cipher_byte,2025-04-20T10:00:00Z
P0063,F005,TH0048,,cipher_byte,"The useful check is A clean history helps, although one good review is not enough. I also compare the timestamp with the copy I kept. Public key fingerprint: 443430C255C2C98EB1475BBD0E636184D62971EC.",2025-04-20T15:00:00Z,http://source.example.invalid/post/P0063,http://source.example.invalid/user/cipher_byte,2025-04-20T17:00:00Z
P0064,F005,TH0048,P0063,cipher_byte,A practical check is I check the original reference before trusting a seller. I also compare the timestamp with the copy I kept.,2025-04-20T22:00:00Z,http://source.example.invalid/post/P0064,http://source.example.invalid/user/cipher_byte,2025-04-21T00:00:00Z
P0065,F006,TH0049,,cbyte,The useful check is I check the original reference before trusting a seller. I also compare the timestamp with the copy I kept.,2025-04-21T16:00:00Z,http://source.example.invalid/post/P0065,http://source.example.invalid/user/cbyte,2025-04-21T18:00:00Z
P0066,F006,TH0050,,cbyte,A practical check is The older copy is still useful if the current one changed. I also compare the timestamp with the copy I kept. I was checking this from Bengaluru at the time.,2025-04-21T23:00:00Z,http://source.example.invalid/post/P0066,http://source.example.invalid/user/cbyte,2025-04-22T01:00:00Z
P0067,F006,TH0051,,cbyte,"From the data side, I would verify the destination twice before sending anything. I also compare the timestamp with the copy I kept.",2025-04-22T06:00:00Z,http://source.example.invalid/post/P0067,http://source.example.invalid/user/cbyte,2025-04-22T08:00:00Z
P0068,F006,TH0051,P0067,cbyte,The useful check is I avoid putting unnecessary details into a public reply. I also compare the timestamp with the copy I kept.,2025-04-22T13:00:00Z,http://source.example.invalid/post/P0068,http://source.example.invalid/user/cbyte,2025-04-22T15:00:00Z
P0069,F006,TH0052,,cbyte,"A practical check is A checksum is useful, but I still compare the source. I also compare the timestamp with the copy I kept.",2025-04-22T20:00:00Z,http://source.example.invalid/post/P0069,http://source.example.invalid/user/cbyte,2025-04-22T22:00:00Z
P0070,F006,TH0053,,cbyte,"From the data side, A clean history helps, although one good review is not enough. I also compare the timestamp with the copy I kept. I was checking this from Bengaluru at the time.",2025-04-23T03:00:00Z,http://source.example.invalid/post/P0070,http://source.example.invalid/user/cbyte,2025-04-23T05:00:00Z
P0071,F006,TH0054,,cbyte,The useful check is I check the original reference before trusting a seller. I also compare the timestamp with the copy I kept. The address 0xdd31ffb1f533a2fabe0bb4223175bbd45c214a17 appeared in the thread as a counterparty.,2025-04-23T10:00:00Z,http://source.example.invalid/post/P0071,http://source.example.invalid/user/cbyte,2025-04-23T12:00:00Z
P0072,F006,TH0054,P0071,cbyte,A practical check is The older copy is still useful if the current one changed. I also compare the timestamp with the copy I kept.,2025-04-23T17:00:00Z,http://source.example.invalid/post/P0072,http://source.example.invalid/user/cbyte,2025-04-23T19:00:00Z
P0073,F001,TH0055,,nightraven,I think I check the original reference before trusting a seller. I left myself a note so I can revisit it.,2025-04-23T07:00:00Z,http://source.example.invalid/post/P0073,http://source.example.invalid/user/nightraven,2025-04-23T09:00:00Z
P0074,F001,TH0056,,nightraven,"For what it's worth, The older copy is still useful if the current one changed. I left myself a note so I can revisit it. I was checking this from Mumbai at the time.",2025-04-23T14:00:00Z,http://source.example.invalid/post/P0074,http://source.example.invalid/user/nightraven,2025-04-23T16:00:00Z
P0075,F001,TH0057,,nightraven,"Honestly, I would verify the destination twice before sending anything. I left myself a note so I can revisit it.",2025-04-23T21:00:00Z,http://source.example.invalid/post/P0075,http://source.example.invalid/user/nightraven,2025-04-23T23:00:00Z
P0076,F001,TH0057,P0075,nightraven,I think I avoid putting unnecessary details into a public reply. I left myself a note so I can revisit it. Public key fingerprint: E2B9F1866448F3EDEDE8EF5AFC2050BC4AE77E22.,2025-04-24T04:00:00Z,http://source.example.invalid/post/P0076,http://source.example.invalid/user/nightraven,2025-04-24T06:00:00Z
P0077,F001,TH0058,,nightraven,"For what it's worth, A checksum is useful, but I still compare the source. I left myself a note so I can revisit it.",2025-04-24T11:00:00Z,http://source.example.invalid/post/P0077,http://source.example.invalid/user/nightraven,2025-04-24T13:00:00Z
P0078,F001,TH0059,,nightraven,"Honestly, A clean history helps, although one good review is not enough. I left myself a note so I can revisit it. I was checking this from Mumbai at the time. Payment address I published for this thread: 0xee29196b43aae6ee7ca2065d0b88cd9060a8ebe7.",2025-04-24T18:00:00Z,http://source.example.invalid/post/P0078,http://source.example.invalid/user/nightraven,2025-04-24T20:00:00Z
P0079,F001,TH0060,,nightraven,I think I check the original reference before trusting a seller. I left myself a note so I can revisit it. I kept this note with the thread for later review.,2025-04-25T01:00:00Z,http://source.example.invalid/post/P0079,http://source.example.invalid/user/nightraven,2025-04-25T03:00:00Z
P0080,F001,TH0060,P0079,nightraven,"For what it's worth, The older copy is still useful if the current one changed. I left myself a note so I can revisit it.",2025-04-25T08:00:00Z,http://source.example.invalid/post/P0080,http://source.example.invalid/user/nightraven,2025-04-25T10:00:00Z
P0081,F004,TH0061,,night_raven,I think The older copy is still useful if the current one changed. I left myself a note so I can revisit it.,2025-04-26T02:00:00Z,http://source.example.invalid/post/P0081,http://source.example.invalid/user/night_raven,2025-04-26T04:00:00Z
P0082,F004,TH0062,,night_raven,"For what it's worth, I would verify the destination twice before sending anything. I left myself a note so I can revisit it. I was checking this from Bengaluru at the time.",2025-04-26T09:00:00Z,http://source.example.invalid/post/P0082,http://source.example.invalid/user/night_raven,2025-04-26T11:00:00Z
P0083,F004,TH0063,,night_raven,"Honestly, I avoid putting unnecessary details into a public reply. I left myself a note so I can revisit it.",2025-04-26T16:00:00Z,http://source.example.invalid/post/P0083,http://source.example.invalid/user/night_raven,2025-04-26T18:00:00Z
P0084,F004,TH0063,P0083,night_raven,"I think A checksum is useful, but I still compare the source. I left myself a note so I can revisit it.",2025-04-26T23:00:00Z,http://source.example.invalid/post/P0084,http://source.example.invalid/user/night_raven,2025-04-27T01:00:00Z
P0085,F004,TH0064,,night_raven,"For what it's worth, A clean history helps, although one good review is not enough. I left myself a note so I can revisit it.",2025-04-27T06:00:00Z,http://source.example.invalid/post/P0085,http://source.example.invalid/user/night_raven,2025-04-27T08:00:00Z
P0086,F004,TH0065,,night_raven,"Honestly, I check the original reference before trusting a seller. I left myself a note so I can revisit it. I was checking this from Bengaluru at the time.",2025-04-27T13:00:00Z,http://source.example.invalid/post/P0086,http://source.example.invalid/user/night_raven,2025-04-27T15:00:00Z
P0087,F004,TH0066,,night_raven,I think The older copy is still useful if the current one changed. I left myself a note so I can revisit it. Public key fingerprint: E2B9F1866448F3EDEDE8EF5AFC2050BC4AE77E22.,2025-04-27T20:00:00Z,http://source.example.invalid/post/P0087,http://source.example.invalid/user/night_raven,2025-04-27T22:00:00Z
P0088,F004,TH0066,P0087,night_raven,"For what it's worth, I would verify the destination twice before sending anything. I left myself a note so I can revisit it.",2025-04-28T03:00:00Z,http://source.example.invalid/post/P0088,http://source.example.invalid/user/night_raven,2025-04-28T05:00:00Z
P0089,F006,TH0067,,nraven,I think I would verify the destination twice before sending anything. I left myself a note so I can revisit it.,2025-04-28T21:00:00Z,http://source.example.invalid/post/P0089,http://source.example.invalid/user/nraven,2025-04-28T23:00:00Z
P0090,F006,TH0068,,nraven,"For what it's worth, I avoid putting unnecessary details into a public reply. I left myself a note so I can revisit it. I was checking this from Pune at the time.",2025-04-29T04:00:00Z,http://source.example.invalid/post/P0090,http://source.example.invalid/user/nraven,2025-04-29T06:00:00Z
P0091,F006,TH0069,,nraven,"Honestly, A checksum is useful, but I still compare the source. I left myself a note so I can revisit it.",2025-04-29T11:00:00Z,http://source.example.invalid/post/P0091,http://source.example.invalid/user/nraven,2025-04-29T13:00:00Z
P0092,F006,TH0069,P0091,nraven,"I think A clean history helps, although one good review is not enough. I left myself a note so I can revisit it.",2025-04-29T18:00:00Z,http://source.example.invalid/post/P0092,http://source.example.invalid/user/nraven,2025-04-29T20:00:00Z
P0093,F006,TH0070,,nraven,"For what it's worth, I check the original reference before trusting a seller. I left myself a note so I can revisit it. Someone quoted this payment address: 0xee29196b43aae6ee7ca2065d0b88cd9060a8ebe7; I am not claiming it here.",2025-04-30T01:00:00Z,http://source.example.invalid/post/P0093,http://source.example.invalid/user/nraven,2025-04-30T03:00:00Z
P0094,F006,TH0071,,nraven,"Honestly, The older copy is still useful if the current one changed. I left myself a note so I can revisit it. I was checking this from Pune at the time.",2025-04-30T08:00:00Z,http://source.example.invalid/post/P0094,http://source.example.invalid/user/nraven,2025-04-30T10:00:00Z
P0095,F006,TH0072,,nraven,I think I would verify the destination twice before sending anything. I left myself a note so I can revisit it. I kept this note with the thread for later review.,2025-04-30T15:00:00Z,http://source.example.invalid/post/P0095,http://source.example.invalid/user/nraven,2025-04-30T17:00:00Z
P0096,F006,TH0072,P0095,nraven,"For what it's worth, I avoid putting unnecessary details into a public reply. I left myself a note so I can revisit it.",2025-04-30T22:00:00Z,http://source.example.invalid/post/P0096,http://source.example.invalid/user/nraven,2025-04-30T10:00:00Z
P0097,F001,TH0073,,ghostnode,Quick check: I would verify the destination twice before sending anything.,2025-04-30T12:00:00Z,http://source.example.invalid/post/P0097,http://source.example.invalid/user/ghostnode,2025-04-30T14:00:00Z
P0098,F001,TH0074,,ghostnode,Short version: I avoid putting unnecessary details into a public reply. I was checking this from Bengaluru at the time.,2025-04-30T19:00:00Z,http://source.example.invalid/post/P0098,http://source.example.invalid/user/ghostnode,2025-04-30T21:00:00Z
P0099,F001,TH0075,,ghostnode,"My check: A checksum is useful, but I still compare the source.",2025-05-01T02:00:00Z,http://source.example.invalid/post/P0099,http://source.example.invalid/user/ghostnode,2025-05-01T04:00:00Z
P0100,F001,TH0075,P0099,ghostnode,"Quick check: A clean history helps, although one good review is not enough. Public key fingerprint: CB1736253CFB15D52C641C25ADA8D8944C214DAA.",2025-05-01T09:00:00Z,http://source.example.invalid/post/P0100,http://source.example.invalid/user/ghostnode,2025-05-01T11:00:00Z
P0101,F001,TH0076,,ghostnode,Short version: I check the original reference before trusting a seller.,2025-05-01T16:00:00Z,http://source.example.invalid/post/P0101,http://source.example.invalid/user/ghostnode,2025-05-01T18:00:00Z
P0102,F001,TH0077,,ghostnode,My check: The older copy is still useful if the current one changed. I was checking this from Bengaluru at the time. Payment address I published for this thread: mq3aewGAnZBtVQKeftnSR8fLrSzUipUSYK.,2025-05-01T23:00:00Z,http://source.example.invalid/post/P0102,http://source.example.invalid/user/ghostnode,2025-05-02T01:00:00Z
P0103,F001,TH0078,,ghostnode,Quick check: I would verify the destination twice before sending anything. I kept this note with the thread for later review.,2025-05-02T06:00:00Z,http://source.example.invalid/post/P0103,http://source.example.invalid/user/ghostnode,2025-05-02T08:00:00Z
P0104,F001,TH0078,P0103,ghostnode,Short version: I avoid putting unnecessary details into a public reply.,2025-05-02T13:00:00Z,http://source.example.invalid/post/P0104,http://source.example.invalid/user/ghostnode,2025-05-02T15:00:00Z
P0105,F005,TH0079,,ghost_node,Quick check: I avoid putting unnecessary details into a public reply.,2025-05-03T07:00:00Z,http://source.example.invalid/post/P0105,http://source.example.invalid/user/ghost_node,2025-05-03T09:00:00Z
P0106,F005,TH0080,,ghost_node,"Short version: A checksum is useful, but I still compare the source. I was checking this from Pune at the time.",2025-05-03T14:00:00Z,http://source.example.invalid/post/P0106,http://source.example.invalid/user/ghost_node,2025-05-03T16:00:00Z
P0107,F005,TH0081,,ghost_node,"My check: A clean history helps, although one good review is not enough. For settlement, use the address I posted earlier: mq3aewGAnZBtVQKeftnSR8fLrSzUipUSYK.",2025-05-03T21:00:00Z,http://source.example.invalid/post/P0107,http://source.example.invalid/user/ghost_node,2025-05-03T23:00:00Z
P0108,F005,TH0081,P0107,ghost_node,Quick check: I check the original reference before trusting a seller.,2025-05-04T04:00:00Z,http://source.example.invalid/post/P0108,http://source.example.invalid/user/ghost_node,2025-05-04T06:00:00Z
P0109,F005,TH0082,,ghost_node,Short version: The older copy is still useful if the current one changed.,2025-05-04T11:00:00Z,http://source.example.invalid/post/P0109,http://source.example.invalid/user/ghost_node,2025-05-04T13:00:00Z
P0110,F005,TH0083,,ghost_node,My check: I would verify the destination twice before sending anything. I was checking this from Pune at the time.,2025-05-04T18:00:00Z,http://source.example.invalid/post/P0110,http://source.example.invalid/user/ghost_node,2025-05-04T20:00:00Z
P0111,F005,TH0084,,ghost_node,Quick check: I avoid putting unnecessary details into a public reply. Public key fingerprint: CB1736253CFB15D52C641C25ADA8D8944C214DAA.,2025-05-05T01:00:00Z,http://source.example.invalid/post/P0111,http://source.example.invalid/user/ghost_node,2025-05-05T03:00:00Z
P0112,F005,TH0084,P0111,ghost_node,"Short version: A checksum is useful, but I still compare the source.",2025-05-05T08:00:00Z,http://source.example.invalid/post/P0112,http://source.example.invalid/user/ghost_node,2025-05-05T10:00:00Z
P0113,F006,TH0085,,gnode,"Quick check: A checksum is useful, but I still compare the source.",2025-05-06T02:00:00Z,http://source.example.invalid/post/P0113,http://source.example.invalid/user/gnode,2025-05-06T04:00:00Z
P0114,F006,TH0086,,gnode,"Short version: A clean history helps, although one good review is not enough. I was checking this from Delhi at the time.",2025-05-06T09:00:00Z,http://source.example.invalid/post/P0114,http://source.example.invalid/user/gnode,2025-05-06T11:00:00Z
P0115,F006,TH0087,,gnode,My check: I check the original reference before trusting a seller.,2025-05-06T16:00:00Z,http://source.example.invalid/post/P0115,http://source.example.invalid/user/gnode,2025-05-06T18:00:00Z
P0116,F006,TH0087,P0115,gnode,Quick check: The older copy is still useful if the current one changed.,2025-05-06T23:00:00Z,http://source.example.invalid/post/P0116,http://source.example.invalid/user/gnode,2025-05-07T01:00:00Z
P0117,F006,TH0088,,gnode,Short version: I would verify the destination twice before sending anything.,2025-05-07T06:00:00Z,http://source.example.invalid/post/P0117,http://source.example.invalid/user/gnode,2025-05-07T08:00:00Z
P0118,F006,TH0089,,gnode,My check: I avoid putting unnecessary details into a public reply. I was checking this from Delhi at the time.,2025-05-07T13:00:00Z,http://source.example.invalid/post/P0118,http://source.example.invalid/user/gnode,2025-05-07T15:00:00Z
P0119,F006,TH0090,,gnode,"Quick check: A checksum is useful, but I still compare the source. I kept this note with the thread for later review.",2025-05-07T20:00:00Z,http://source.example.invalid/post/P0119,http://source.example.invalid/user/gnode,2025-05-07T22:00:00Z
P0120,F006,TH0090,P0119,gnode,"Short version: A clean history helps, although one good review is not enough.",2025-05-08T03:00:00Z,http://source.example.invalid/post/P0120,http://source.example.invalid/user/gnode,2025-05-08T05:00:00Z
P0121,F002,TH0091,,ironmoth,"I would be careful here. A checksum is useful, but I still compare the source. I would not treat that as proof on its own.",2025-05-07T17:00:00Z,http://source.example.invalid/post/P0121,http://source.example.invalid/user/ironmoth,2025-05-07T19:00:00Z
P0122,F002,TH0092,,ironmoth,"My preference is to verify first. A clean history helps, although one good review is not enough. I would not treat that as proof on its own. I was checking this from Pune at the time.",2025-05-08T00:00:00Z,http://source.example.invalid/post/P0122,http://source.example.invalid/user/ironmoth,2025-05-08T02:00:00Z
P0123,F002,TH0093,,ironmoth,I would not assume that. I check the original reference before trusting a seller. I would not treat that as proof on its own.,2025-05-08T07:00:00Z,http://source.example.invalid/post/P0123,http://source.example.invalid/user/ironmoth,2025-05-08T09:00:00Z
P0124,F002,TH0093,P0123,ironmoth,I would be careful here. The older copy is still useful if the current one changed. I would not treat that as proof on its own. Public key fingerprint: 45A16A6F3B44A748FB74E2168E47BDE42CEE1DF2.,2025-05-08T14:00:00Z,http://source.example.invalid/post/P0124,http://source.example.invalid/user/ironmoth,2025-05-08T16:00:00Z
P0125,F002,TH0094,,ironmoth,My preference is to verify first. I would verify the destination twice before sending anything. I would not treat that as proof on its own.,2025-05-08T21:00:00Z,http://source.example.invalid/post/P0125,http://source.example.invalid/user/ironmoth,2025-05-08T23:00:00Z
P0126,F002,TH0095,,ironmoth,I would not assume that. I avoid putting unnecessary details into a public reply. I would not treat that as proof on its own. I was checking this from Pune at the time. Payment address I published for this thread: mjqzKBCMGYTj3oRnfEkGpZddjqKmTkgJCt.,2025-05-09T04:00:00Z,http://source.example.invalid/post/P0126,http://source.example.invalid/user/ironmoth,2025-05-09T06:00:00Z
P0127,F002,TH0096,,ironmoth,"I would be careful here. A checksum is useful, but I still compare the source. I would not treat that as proof on its own. I kept this note with the thread for later review.",2025-05-09T11:00:00Z,http://source.example.invalid/post/P0127,http://source.example.invalid/user/ironmoth,2025-05-09T13:00:00Z
P0128,F002,TH0096,P0127,ironmoth,"My preference is to verify first. A clean history helps, although one good review is not enough. I would not treat that as proof on its own.",2025-05-09T18:00:00Z,http://source.example.invalid/post/P0128,http://source.example.invalid/user/ironmoth,2025-05-09T20:00:00Z
P0129,F003,TH0097,,iron_moth,"I would be careful here. A clean history helps, although one good review is not enough. I would not treat that as proof on its own.",2025-05-10T12:00:00Z,http://source.example.invalid/post/P0129,http://source.example.invalid/user/iron_moth,2025-05-10T14:00:00Z
P0130,F003,TH0098,,iron_moth,My preference is to verify first. I check the original reference before trusting a seller. I would not treat that as proof on its own. I was checking this from Delhi at the time.,2025-05-10T19:00:00Z,http://source.example.invalid/post/P0130,http://source.example.invalid/user/iron_moth,2025-05-10T21:00:00Z
P0131,F003,TH0099,,iron_moth,I would not assume that. The older copy is still useful if the current one changed. I would not treat that as proof on its own.,2025-04-01T08:00:00Z,http://source.example.invalid/post/P0131,http://source.example.invalid/user/iron_moth,2025-04-01T10:00:00Z
P0132,F003,TH0099,P0131,iron_moth,I would be careful here. I would verify the destination twice before sending anything. I would not treat that as proof on its own.,2025-04-01T09:00:00Z,http://source.example.invalid/post/P0132,http://source.example.invalid/user/iron_moth,2025-04-01T11:00:00Z
P0133,F003,TH0100,,iron_moth,My preference is to verify first. I avoid putting unnecessary details into a public reply. I would not treat that as proof on its own.,2025-04-01T16:00:00Z,http://source.example.invalid/post/P0133,http://source.example.invalid/user/iron_moth,2025-04-01T18:00:00Z
P0134,F003,TH0101,,iron_moth,"I would not assume that. A checksum is useful, but I still compare the source. I would not treat that as proof on its own. I was checking this from Delhi at the time.",2025-04-01T23:00:00Z,http://source.example.invalid/post/P0134,http://source.example.invalid/user/iron_moth,2025-04-02T01:00:00Z
P0135,F003,TH0102,,iron_moth,"I would be careful here. A clean history helps, although one good review is not enough. I would not treat that as proof on its own. Public key fingerprint: 45A16A6F3B44A748FB74E2168E47BDE42CEE1DF2. I saw 0xb4b3d2c42b6f00cdb0ba697de87ee56b5e1e5d88 quoted by another account.",2025-04-02T06:00:00Z,http://source.example.invalid/post/P0135,http://source.example.invalid/user/iron_moth,2025-04-02T08:00:00Z
P0136,F003,TH0102,P0135,iron_moth,My preference is to verify first. I check the original reference before trusting a seller. I would not treat that as proof on its own.,2025-04-02T13:00:00Z,http://source.example.invalid/post/P0136,http://source.example.invalid/user/iron_moth,2025-04-02T15:00:00Z
P0137,F004,TH0103,,imoth9,I would be careful here. I check the original reference before trusting a seller. I would not treat that as proof on its own.,2025-04-03T07:00:00Z,http://source.example.invalid/post/P0137,http://source.example.invalid/user/imoth9,2025-04-03T09:00:00Z
P0138,F004,TH0104,,imoth9,My preference is to verify first. The older copy is still useful if the current one changed. I would not treat that as proof on its own. I was checking this from Mumbai at the time.,2025-04-03T14:00:00Z,http://source.example.invalid/post/P0138,http://source.example.invalid/user/imoth9,2025-04-03T16:00:00Z
P0139,F004,TH0105,,imoth9,I would not assume that. I would verify the destination twice before sending anything. I would not treat that as proof on its own.,2025-04-03T21:00:00Z,http://source.example.invalid/post/P0139,http://source.example.invalid/user/imoth9,2025-04-03T23:00:00Z
P0140,F004,TH0105,P0139,imoth9,I would be careful here. I avoid putting unnecessary details into a public reply. I would not treat that as proof on its own.,2025-04-04T04:00:00Z,http://source.example.invalid/post/P0140,http://source.example.invalid/user/imoth9,2025-04-04T06:00:00Z
P0141,F004,TH0106,,imoth9,"My preference is to verify first. A checksum is useful, but I still compare the source. I would not treat that as proof on its own. Someone quoted this payment address: mjqzKBCMGYTj3oRnfEkGpZddjqKmTkgJCt; I am not claiming it here.",2025-04-04T11:00:00Z,http://source.example.invalid/post/P0141,http://source.example.invalid/user/imoth9,2025-04-04T13:00:00Z
P0142,F004,TH0107,,imoth9,"I would not assume that. A clean history helps, although one good review is not enough. I would not treat that as proof on its own. I was checking this from Mumbai at the time.",2025-04-04T18:00:00Z,http://source.example.invalid/post/P0142,http://source.example.invalid/user/imoth9,2025-04-04T20:00:00Z
P0143,F004,TH0108,,imoth9,I would be careful here. I check the original reference before trusting a seller. I would not treat that as proof on its own. I kept this note with the thread for later review.,2025-04-05T01:00:00Z,http://source.example.invalid/post/P0143,http://source.example.invalid/user/imoth9,2025-04-05T03:00:00Z
P0144,F004,TH0108,P0143,imoth9,My preference is to verify first. The older copy is still useful if the current one changed. I would not treat that as proof on its own.,2025-04-05T08:00:00Z,http://source.example.invalid/post/P0144,http://source.example.invalid/user/imoth9,2025-04-05T10:00:00Z
P0145,F001,TH0109,,markethelper,One point: I check the original reference before trusting a seller. I would compare it with the earlier discussion.,2025-04-04T22:00:00Z,http://source.example.invalid/post/P0145,http://source.example.invalid/user/markethelper,2025-04-05T00:00:00Z
P0146,F001,TH0110,,markethelper,I noticed this: The older copy is still useful if the current one changed. I would compare it with the earlier discussion. I was checking this from Delhi at the time.,2025-04-05T05:00:00Z,http://source.example.invalid/post/P0146,http://source.example.invalid/user/markethelper,2025-04-05T07:00:00Z
P0147,F001,TH0111,,markethelper,"For reference, I would verify the destination twice before sending anything. I would compare it with the earlier discussion.",2025-04-05T12:00:00Z,http://source.example.invalid/post/P0147,http://source.example.invalid/user/markethelper,2025-04-05T14:00:00Z
P0148,F001,TH0111,P0147,markethelper,One point: I avoid putting unnecessary details into a public reply. I would compare it with the earlier discussion.,2025-04-05T19:00:00Z,http://source.example.invalid/post/P0148,http://source.example.invalid/user/markethelper,2025-04-05T21:00:00Z
P0149,F003,TH0112,,redpixel,One point: I would verify the destination twice before sending anything. I would compare it with the earlier discussion.,2025-04-06T07:00:00Z,http://source.example.invalid/post/P0149,http://source.example.invalid/user/redpixel,2025-04-06T09:00:00Z
P0150,F003,TH0113,,redpixel,I noticed this: I avoid putting unnecessary details into a public reply. I would compare it with the earlier discussion. I was checking this from Mumbai at the time.,2025-04-06T14:00:00Z,http://source.example.invalid/post/P0150,http://source.example.invalid/user/redpixel,2025-04-06T16:00:00Z
P0151,F003,TH0114,,redpixel,"For reference, A checksum is useful, but I still compare the source. I would compare it with the earlier discussion.",2025-04-06T21:00:00Z,http://source.example.invalid/post/P0151,http://source.example.invalid/user/redpixel,2025-04-06T23:00:00Z
P0152,F003,TH0114,P0152,redpixel,"One point: A clean history helps, although one good review is not enough. I would compare it with the earlier discussion.",2025-04-07T04:00:00Z,http://source.example.invalid/post/P0152,http://source.example.invalid/user/redpixel,2025-04-07T06:00:00Z
P0153,F004,TH0115,,bluebyte,"One point: A checksum is useful, but I still compare the source. I would compare it with the earlier discussion.",2025-04-07T16:00:00Z,http://source.example.invalid/post/P0153,http://source.example.invalid/user/bluebyte,2025-04-07T18:00:00Z
P0154,F004,TH0116,,bluebyte,"I noticed this: A clean history helps, although one good review is not enough. I would compare it with the earlier discussion. I was checking this from Bengaluru at the time.",2025-04-07T23:00:00Z,http://source.example.invalid/post/P0154,http://source.example.invalid/user/bluebyte,2025-04-08T01:00:00Z
P0155,F004,TH0117,,bluebyte,"For reference, I check the original reference before trusting a seller. I would compare it with the earlier discussion.",2025-04-08T06:00:00Z,http://source.example.invalid/post/P0155,http://source.example.invalid/user/bluebyte,2025-04-08T08:00:00Z
P0156,F004,TH0117,P0155,bluebyte,One point: The older copy is still useful if the current one changed. I would compare it with the earlier discussion.,2025-04-08T13:00:00Z,http://source.example.invalid/post/P0156,http://source.example.invalid/user/bluebyte,2025-04-08T15:00:00Z
P0157,F001,TH0118,,quietowl,One point: I check the original reference before trusting a seller. I would compare it with the earlier discussion. I kept this note with the thread for later review.,2025-04-09T01:00:00Z,http://source.example.invalid/post/P0157,http://source.example.invalid/user/quietowl,2025-04-09T03:00:00Z
P0158,F001,TH0119,,quietowl,I noticed this: The older copy is still useful if the current one changed. I would compare it with the earlier discussion. I was checking this from Pune at the time.,2025-04-09T08:00:00Z,http://source.example.invalid/post/P0158,http://source.example.invalid/user/quietowl,2025-04-09T10:00:00Z
P0159,F001,TH0120,,quietowl,"For reference, I would verify the destination twice before sending anything. I would compare it with the earlier discussion. I kept this note with the thread for later review.",2025-04-09T15:00:00Z,http://source.example.invalid/post/P0159,http://source.example.invalid/user/quietowl,2025-04-09T17:00:00Z
P0160,F001,TH0120,P0159,quietowl,One point: I avoid putting unnecessary details into a public reply. I would compare it with the earlier discussion. I kept this note with the thread for later review.,2025-04-09T22:00:00Z,http://source.example.invalid/post/P0160,http://source.example.invalid/user/quietowl,2025-04-10T00:00:00Z
